{"cameraMode":{"drawMode":0,"name":"Shaded","section":"Shading Mode"},"sceneLighting":true,"audioPlay":false,"sceneViewState":{"m_AlwaysRefresh":false,"showFog":true,"showSkybox":true,"showFlares":true,"showImageEffects":true,"showParticleSystems":true,"showVisualEffectGraphs":true,"m_FxEnabled":true},"in2DMode":false,"pivot":{"x":452.6904296875,"y":232.45779418945313,"z":-156.3472900390625},"rotation":{"x":-0.041986219584941867,"y":0.008991866372525692,"z":0.00037823145976290107,"w":0.9990751147270203},"size":123.79069519042969,"orthographic":false}